<?xml version="1.0" encoding="UTF-8"?>
<project xmlns="http://maven.apache.org/POM/4.0.0" xmlns:xsi="http://www.w3.org/2001/XMLSchema-instance" xsi:schemaLocation="http://maven.apache.org/POM/4.0.0 http://maven.apache.org/maven-v4_0_0.xsd">
  <modelVersion>4.0.0</modelVersion>
  <groupId>org.example</groupId>
  <artifactId>iiotwhw7</artifactId>
  <name>IiotwSesame</name>
  <version>0.0.1-SNAPSHOT</version>
  <build>
    <finalName>Tiwari_Tushar_HW7</finalName>
    <plugins>
      <plugin>
        <artifactId>maven-eclipse-plugin</artifactId>
        <version>2.9</version>
        <configuration>
          <downloadSources>true</downloadSources>
          <downloadJavadocs>false</downloadJavadocs>
        </configuration>
      </plugin>
      <plugin>
        <artifactId>maven-shade-plugin</artifactId>
        <version>2.3</version>
        <executions>
          <execution>
            <phase>package</phase>
            <goals>
              <goal>shade</goal>
            </goals>
            <configuration>
              <transformers>
                <transformer>
                  <mainClass>edu.usc.iiotw.Homework</mainClass>
                </transformer>
              </transformers>
            </configuration>
          </execution>
        </executions>
      </plugin>
    </plugins>
  </build>
  <properties>
    <maven.compiler.source>1.7</maven.compiler.source>
    <maven.compiler.target>1.7</maven.compiler.target>
  </properties>
</project>

